{
    "vbcs.dt.version": "20250610-25.10.2",
    "version": "2510.0.2",
    "source.version": "2510",
    "rootURL": "vbcookbook",
    "features": {
        "codeChainsEnabled": true
    },
    "dependencies": {
        "upgrade": "micro",
        "paths": {
            "jet": "https://static.oracle.com/cdn/jet/18.1.4",
            "visualRuntime": "https://static.oracle.com/cdn/vb/2510.1.0",
            "telemetry": "https://static.oracle.com/cdn/trace/10.2.2",
            "oracleImageGallery": "https://static.oracle.com/cdn/fnd/gallery/2510.0.1"
        }
    }
}