{
  "title": "main",
  "description": "",
  "variables": {
    "currentEmpRow": {
      "type": "getEmployeeType"
    },
    "editRow": {
      "type": "any"
    },
    "empADP": {
      "type": "vb/ArrayDataProvider2",
      "defaultValue": {
        "itemType": "getEmployeeType",
        "keyAttributes": "id"
      }
    },
    "newEmpRow": {
      "type": "getEmployeeType"
    },
    "scrollPosition": {
      "type": "any"
    }

  },
  "metadata": {},
  "types": {
    "@decorators.getEmployeeType": {
      "endpoint": "get_Employee",
      "service": "businessObjects",
      "path": "response"
    },
    "getEmployeeType": {
      "commissionPct": "number",
      "department": "number",
      "email": "string",
      "firstName": "string",
      "id": "number",
      "job": "number",
      "lastName": "string",
      "salary": "number"
    }
  },
  "eventListeners": {
    "buttonAction": {
      "chains": [
        {
          "chain": "addButtonActionChain",
          "parameters": {
            "event": "{{$event}}",
            "originalEvent": "{{$event.detail.originalEvent}}"
          }
        }
      ]
    },
    "tableBeforeRowEdit": {
      "chains": [
        {
          "chain": "TableBeforeRowEditChain",
          "parameters": {
            "event": "{{$event}}",
            "accept": "{{$event.detail.accept}}",
            "rowContext": "{{$event.detail.rowContext}}",
            "rowKey": "{{$event.detail.rowContext.status.rowKey}}",
            "rowIndex": "{{$event.detail.rowContext.status.rowIndex}}",
            "rowData": "{{$event.detail.rowContext.componentElement.getDataForVisibleRow($event.detail.rowContext.status.rowIndex).data}}"
          }
        }
      ]
    },
    "tableBeforeRowEditEnd": {
      "chains": [
        {
          "chain": "TableBeforeRowEditEndChain",
          "parameters": {
            "event": "{{$event}}",
            "accept": "{{$event.detail.accept}}",
            "setUpdatedItem": "{{$event.detail.setUpdatedItem}}",
            "rowContext": "{{$event.detail.rowContext}}",
            "cancelEdit": "{{$event.detail.cancelEdit}}",
            "rowKey": "{{$event.detail.rowContext.status.rowKey}}",
            "rowIndex": "{{$event.detail.rowContext.status.rowIndex}}",
            "rowData": "{{$event.detail.rowContext.componentElement.getDataForVisibleRow($event.detail.rowContext.status.rowIndex).data}}"
          }
        }
      ]
    },
    "vbEnter": {
      "chains": [
        {
          "parameters": {},
          "chain": "pageLoadActionChain"
        }
      ]
    }

  },
  "imports": {
    "components": {
      "oj-button": {
        "path": "ojs/ojbutton"
      },
      "oj-input-number": {
        "path": "ojs/ojinputnumber"
      },
      "oj-input-text": {
        "path": "ojs/ojinputtext"
      },
      "oj-table": {
        "path": "ojs/ojtable"
      }

   },
    "modules": {
      "ojConverterNumber": {
        "path": "ojs/ojconverter-number"
      },
      "ojValidationNumber": {
        "path": "ojs/ojvalidation-number"
      }
    }
  }
}