{
  "id": "starter",
  "description": "Starter VB app",
  "defaultPage": "shell",
  "routerStrategy": "path",
  "chains": {},
  "configuration": {},
  "requirejs": {
    "paths": {
      "oj-sp": "https://static.oracle.com/cdn/spectra-ui/oj-sp/2510.0.3",
      "oj-dynamic": "https://static.oracle.com/cdn/jet/packs/oj-dynamic/18.1.3/min"
    },
    "bundles": {
      "oj-sp/oj-sp-component-bundle": [
        "oj-sp/advanced-create-edit/loader",
        "oj-sp/analytics-canvas/loader",
        "oj-sp/activity-list-item/loader",
        "oj-sp/attachment-chip/loader",
        "oj-sp/attachment-chip-actions/actions/AttachmentChipActions",
        "oj-sp/attachment-chip-actions/public/BossPublicAttachmentChipActions",
        "oj-sp/attachments-common/private/AttachmentManager",
        "oj-sp/attachments-common/private/ComponentUtils",
        "oj-sp/attachments-common/public/AttachmentPublic",
        "oj-sp/attachments-simple/loader",
        "oj-sp/attachments-viewer/loader",
        "oj-sp/attachments/loader",
        "oj-sp/attachments-2/loader",
        "oj-sp/attachments-2-actions/actions/AttachmentActions",
        "oj-sp/attachments-2-actions/view/BossAttachmentsView",
        "oj-sp/attachments-2-actions/view/BossAttachmentsViewType",
        "oj-sp/attachments-2-actions/public/BossPublicAttachmentActions",
        "oj-sp/attachments-2-actions/public/BossPublicAttachmentsView",
        "oj-sp/attachments-2-actions/public/BossPublicDeferredAttachmentActions",
        "oj-sp/attachments-2-actions/transaction/BossDeferredAttachmentTransactionType",
        "oj-sp/bottom-drawer-template/loader",
        "oj-sp/calendar/loader",
        "oj-sp/canvas-page/loader",
        "oj-sp/card/loader",
        "oj-sp/card-footer/loader",
        "oj-sp/collection-container/loader",
        "oj-sp/collection-container-advanced/loader",
        "oj-sp/collection-detail-page/loader",
        "oj-sp/collection-toolbar/loader",
        "oj-sp/common-strings/resources/nls/common-component-strings",
        "oj-sp/common-util/flex-util",
        "oj-sp/common-util/select-smart-dyn-forms-helper",
        "oj-sp/common-util/TelemetryUtil",
        "oj-sp/common/EventDispatcher",
        "oj-sp/common/action",
        "oj-sp/common/activitystreamutils",
        "oj-sp/common/avatarinfo",
        "oj-sp/common/badge",
        "oj-sp/common/contextualinfo",
        "oj-sp/common/footertext",
        "oj-sp/common/flex/util/kffpartialutils",
        "oj-sp/common/snapping",
        "oj-sp/common/touch-velocity",
        "oj-sp/common/iconinfo",
        "oj-sp/common/imageinfo",
        "oj-sp/common/positionmanager",
        "oj-sp/common/PreviousNextIterator",
        "oj-sp/common/timelineEventTemplateUtils",
        "oj-sp/common/collectionDetailPageUtils",
        "oj-sp/completion-panel/loader",
        "oj-sp/create-edit-drawer-template/loader",
        "oj-sp/dashboard-grid/loader",
        "oj-sp/dashboard-landing-page/loader",
        "oj-sp/data-management-page/loader",
        "oj-sp/dashboard-panel/loader",
        "oj-sp/data-provider/AggregateSearchDataProvider",
        "oj-sp/data-provider/AggregateSearchOpenApiTransforms",
        "oj-sp/data-provider/AggregateSearchTransforms",
        "oj-sp/data-provider/AutocompleteSearchTransforms",
        "oj-sp/data-provider/BaseKeysHash",
        "oj-sp/data-provider/CompareUtils",
        "oj-sp/data-provider/DataProviderBindingContext",
        "oj-sp/data-provider/DataProviderUtils",
        "oj-sp/data-provider/KeysHashMap",
        "oj-sp/data-provider/KeysHashSet",
        "oj-sp/data-provider/RecentSearchesTransforms",
        "oj-sp/data-provider/SmartSearchAndFilterDataProvider",
        "oj-sp/data-provider/SmartSearchAndFilterTransforms",
        "oj-sp/data-provider/SmartSuggestionChipsDataProvider",
        "oj-sp/data-provider/SuggestionFiltersDataProvider",
        "oj-sp/data-provider/SuggestionFiltersTransforms",
        "oj-sp/detail-panel/loader",
        "oj-sp/data-switcher/loader",
        "oj-sp/diagram-builder/loader",
        "oj-sp/diagram-node/loader",
        "oj-sp/diagram-node/diagram-node-utils",
        "oj-sp/dynamic-dashboard-grid/loader",
        "oj-sp/dynamic-foldout-page/loader",
        "oj-sp/dynamic-scoreboard/loader",
        "oj-sp/email-address-chip/loader",
        "oj-sp/emo-button/loader",
        "oj-sp/empty-state/loader",
        "oj-sp/expandable-list-item/loader",
        "oj-sp/expanded-hover-card/loader",
        "oj-sp/filter-chip/loader",
        "oj-sp/flex-filter-chip/loader",
        "oj-sp/flex-switch/loader",
        "oj-sp/foldout-layout/loader",
        "oj-sp/foldout-panel/loader",
        "oj-sp/foldout-panel-overflow/loader",
        "oj-sp/foldout-panel-summarizing/loader",
        "oj-sp/general-drawer-template/loader",
        "oj-sp/general-overview-page/loader",
        "oj-sp/group-list-item-header/loader",
        "oj-sp/group-list-item-parent/loader",
        "oj-sp/group-list-item-child/loader",
        "oj-sp/guided-process/loader",
        "oj-sp/guided-process-drawer-template/loader",
        "oj-sp/header-create-edit-2/loader",
        "oj-sp/header-create-edit/loader",
        "oj-sp/header-general-overview-2/loader",
        "oj-sp/header-general-overview/loader",
        "oj-sp/header-navigation/loader",
        "oj-sp/header-welcome-banner/loader",
        "oj-sp/hierarchy-card/loader",
        "oj-sp/hierarchy-card-info/loader",
        "oj-sp/hierarchy-viewer/loader",
        "oj-sp/horizontal-overview/loader",
        "oj-sp/image-card/loader",
        "oj-sp/image/loader",
        "oj-sp/in-app-navigation/loader",
        "oj-sp/input-address/loader",
        "oj-sp/input-currency-conversion-rate/loader",
        "oj-sp/input-currency/loader",
        "oj-sp/input-email/loader",
        "oj-sp/input-key-flex-field/loader",
        "oj-sp/input-phone-number/loader",
        "oj-sp/input-url/loader",
        "oj-sp/item-overview-page/loader",
        "oj-sp/item-overview/loader",
        "oj-sp/list-item-template/loader",
        "oj-sp/list-section/loader",
        "oj-sp/media-section/loader",
        "oj-sp/message-banner-unsaved-changes/loader",
        "oj-sp/message-dialog-destructive/loader",
        "oj-sp/messages-toast/loader",
        "oj-sp/metric-card/loader",
        "oj-sp/mini-card/loader",
        "oj-sp/network-flow-diagram/loader",
        "oj-sp/object-card/loader",
        "oj-sp/overflow/loader",
        "oj-sp/preview-card/loader",
        "oj-sp/primary-action-feedback/loader",
        "oj-sp/profile-card/loader",
        "oj-sp/recommendation-card/loader",
        "oj-sp/scoreboard/loader",
        "oj-sp/scoreboard-metric-card/loader",
        "oj-sp/section/loader",
        "oj-sp/section-edit/loader",
        "oj-sp/select-single-currency/loader",
        "oj-sp/select-single-item-template/loader",
        "oj-sp/selection-chart-card/loader",
        "oj-sp/simple-create-edit/loader",
        "oj-sp/skill-chip/loader",
        "oj-sp/smart-filter-search/loader",
        "oj-sp/smart-search/loader",
        "oj-sp/smart-search/default-filters/KeywordFilter",
        "oj-sp/smart-search/default-filters/ToggleFilter",
        "oj-sp/smart-search/default-filters/NumericRangeFilter",
        "oj-sp/smart-search/default-filters/DateRangeFilter",
        "oj-sp/smart-search/default-filters/SelectSingleFilter",
        "oj-sp/smart-search/default-filters/SelectMultipleFilter",
        "oj-sp/smart-search/default-filters/BigNumericRangeFilter",
        "oj-sp/smart-search/strategies/BossSearchStrategyFactory",
        "oj-sp/smart-search/strategies/JsonSearchConfigProviderFactory",
        "oj-sp/smart-search/strategies/BookmarkableTokenBuilder",
        "oj-sp/smart-search-page/loader",
        "oj-sp/smart-filters/loader",
        "oj-sp/smart-select-single/loader",
        "oj-sp/summarizing-collection/loader",
        "oj-sp/task-card/loader",
        "oj-sp/thumbnail/loader",
        "oj-sp/timeline-event-template/loader",
        "oj-sp/timestamp/loader",
        "oj-sp/vertical-overview/loader",
        "oj-sp/vertical-anchor-navigator/loader",
        "oj-sp/welcome-page/loader",
        "oj-sp/timestamp/loader",
        "oj-sp/flex-checkbox/loader",
        "oj-sp/item-gauge/loader",
        "oj-sp/common/flex/converters/FlexUpperCaseConverter",
        "oj-sp/converters/phone/E164Converter",
        "oj-sp/information-organizer/loader",
        "oj-sp/internal-resources/components/collection-toolbars/loader",
        "oj-sp/internal-resources/components/color-thief/color-thief",
        "oj-sp/internal-resources/components/expandable-panel/loader",
        "oj-sp/output-rich-text/loader",
        "oj-sp/visual-space-page/loader"
      ],
      "oj-sp/spectra-shell/oj-sp-shell-bundle": [
        "oj-sp/about-page/loader",
        "oj-sp/ask-oracle-navigation-list/loader",
        "oj-sp/ask-oracle-notifications/loader",
        "oj-sp/ask-oracle-search/loader",
        "oj-sp/ask-oracle-user-profile/loader",
        "oj-sp/ask-oracle/loader",
        "oj-sp/ask-oracle-coach-mark/loader",
        "oj-sp/common-strings/resources/nls/common-shell-strings",
        "oj-sp/common-util/common-util",
        "oj-sp/common-util/mobileVerticalSwipeHandler",
        "oj-sp/common-util/fa-public-utils",
        "oj-sp/css-additions/loader",
        "oj-sp/fa-css/fa-css",
        "oj-sp/global-header/loader",
        "oj-sp/global-user-menu/loader",
        "oj-sp/navigator/loader",
        "oj-sp/notifications/loader",
        "oj-sp/pillar-theme/loader",
        "oj-sp/simple-ui-shell/loader",
        "oj-sp/ux-image-gallery/loader",
        "oj-sp/sandbox-banner/loader",
        "oj-sp/ask-oracle-splash-screen/loader",
        "oj-sp/ask-oracle-product-map/loader",
        "oj-sp/message-dialog-general/loader",
        "oj-sp/messages-banner/loader",
        "oj-sp/message-unsaved-changes/loader",
        "oj-sp/notification-subscription-dialog/loader"
      ],
      "oj-sp/oj-sp-chat-component-bundle": [
        "oj-sp/chat-message-block/loader",
        "oj-sp/chat-container/loader",
        "oj-sp/chat-text/loader",
        "oj-sp/chat-input/loader",
        "oj-sp/chat-card/loader",
        "oj-sp/chat-action/loader",
        "oj-sp/chat-element/loader",
        "oj-sp/chat-attachment-message/loader",
        "oj-sp/common/chat"
      ],
      "oj-sp/oj-sp-input-rich-text-bundle": [
        "oj-sp/input-rich-text/loader",
        "oj-sp/input-rich-text-2/loader"
      ]
    }
  },
  "services": {},
  "translations": {
    "appBundle": {
      "path": "./resources/strings/appBundle/nls/appBundle-strings"
    }
  },
  "types": {},
  "variables": {},
  "userConfig": {
    "type": "vb/DefaultSecurityProvider",
    "configuration": {},
    "embedding": "any"
  },
  "security": {
    "access": {
      "requiresAuthentication": true
    }
  },
  "flows": {},
  "settings": {
    "stopValidationPreLoading": true
  },
  "events": {
    "spShowToast": {
      "payloadType": {
        "message": "string"
      },
      "description": "Fire this event with an acknowledgement message to indicate to user that an operation was successful. The shell page will render the message using oj-sp-messages-toast component."
    }
  },
  "imports": {
    "css": [
      "/resources/css/app.css"
    ]
  }
}